{
  "id": "/subscriptions/aa1accac-96da-4e34-a934-75bb6825cf09/resourceGroups/Yoobee_Cloud_RG/providers/Microsoft.Resources/deployments/yoobeecloudstorage_1746407836083",
  "name": "yoobeecloudstorage_1746407836083",
  "type": "Microsoft.Resources/deployments",
  "tags": {
    "primaryResourceId": "/subscriptions/aa1accac-96da-4e34-a934-75bb6825cf09/resourcegroups/Yoobee_Cloud_RG/providers/Microsoft.Storage/storageAccounts/yoobeecloudstorage",
    "marketplaceItemId": "Microsoft.StorageAccount",
    "provisioningHash": "Analytics"
  },
  "properties": {
    "templateHash": "618547647600215314",
    "parameters": {
      "location": {
        "type": "String",
        "value": "australiacentral"
      },
      "storageAccountName": {
        "type": "String",
        "value": "yoobeecloudstorage"
      },
      "accountType": {
        "type": "String",
        "value": "Standard_RAGRS"
      },
      "kind": {
        "type": "String",
        "value": "StorageV2"
      },
      "minimumTlsVersion": {
        "type": "String",
        "value": "TLS1_2"
      },
      "supportsHttpsTrafficOnly": {
        "type": "Bool",
        "value": true
      },
      "allowBlobPublicAccess": {
        "type": "Bool",
        "value": false
      },
      "allowSharedKeyAccess": {
        "type": "Bool",
        "value": true
      },
      "defaultOAuth": {
        "type": "Bool",
        "value": false
      },
      "accessTier": {
        "type": "String",
        "value": "Hot"
      },
      "publicNetworkAccess": {
        "type": "String",
        "value": "Enabled"
      },
      "allowCrossTenantReplication": {
        "type": "Bool",
        "value": false
      },
      "networkAclsBypass": {
        "type": "String",
        "value": "AzureServices"
      },
      "networkAclsDefaultAction": {
        "type": "String",
        "value": "Allow"
      },
      "networkAclsIpRules": {
        "type": "Array",
        "value": []
      },
      "dnsEndpointType": {
        "type": "String",
        "value": "Standard"
      },
      "isHnsEnabled": {
        "type": "Bool",
        "value": true
      },
      "isSftpEnabled": {
        "type": "Bool",
        "value": false
      },
      "largeFileSharesState": {
        "type": "String",
        "value": "Enabled"
      },
      "keySource": {
        "type": "String",
        "value": "Microsoft.Storage"
      },
      "encryptionEnabled": {
        "type": "Bool",
        "value": true
      },
      "keyTypeForTableAndQueueEncryption": {
        "type": "String",
        "value": "Account"
      },
      "infrastructureEncryptionEnabled": {
        "type": "Bool",
        "value": false
      },
      "isBlobSoftDeleteEnabled": {
        "type": "Bool",
        "value": true
      },
      "blobSoftDeleteRetentionDays": {
        "type": "Int",
        "value": 7
      },
      "isContainerSoftDeleteEnabled": {
        "type": "Bool",
        "value": true
      },
      "containerSoftDeleteRetentionDays": {
        "type": "Int",
        "value": 7
      },
      "isShareSoftDeleteEnabled": {
        "type": "Bool",
        "value": true
      },
      "shareSoftDeleteRetentionDays": {
        "type": "Int",
        "value": 7
      }
    },
    "mode": "Incremental",
    "debugSetting": {
      "detailLevel": "None"
    },
    "provisioningState": "Succeeded",
    "timestamp": "2025-05-05T01:17:58.6012028Z",
    "duration": "PT33.0863738S",
    "correlationId": "0e0a9f68-0c94-40f5-9d21-8fb9f00958fc",
    "providers": [
      {
        "namespace": "Microsoft.Storage",
        "resourceTypes": [
          {
            "resourceType": "storageAccounts",
            "locations": [
              "australiacentral"
            ]
          },
          {
            "resourceType": "storageAccounts/blobServices",
            "locations": [
              null
            ]
          },
          {
            "resourceType": "storageAccounts/fileservices",
            "locations": [
              null
            ]
          }
        ]
      }
    ],
    "dependencies": [
      {
        "dependsOn": [
          {
            "id": "/subscriptions/aa1accac-96da-4e34-a934-75bb6825cf09/resourceGroups/Yoobee_Cloud_RG/providers/Microsoft.Storage/storageAccounts/yoobeecloudstorage",
            "resourceType": "Microsoft.Storage/storageAccounts",
            "resourceName": "yoobeecloudstorage"
          }
        ],
        "id": "/subscriptions/aa1accac-96da-4e34-a934-75bb6825cf09/resourceGroups/Yoobee_Cloud_RG/providers/Microsoft.Storage/storageAccounts/yoobeecloudstorage/blobServices/default",
        "resourceType": "Microsoft.Storage/storageAccounts/blobServices",
        "resourceName": "yoobeecloudstorage/default"
      },
      {
        "dependsOn": [
          {
            "id": "/subscriptions/aa1accac-96da-4e34-a934-75bb6825cf09/resourceGroups/Yoobee_Cloud_RG/providers/Microsoft.Storage/storageAccounts/yoobeecloudstorage",
            "resourceType": "Microsoft.Storage/storageAccounts",
            "resourceName": "yoobeecloudstorage"
          },
          {
            "id": "/subscriptions/aa1accac-96da-4e34-a934-75bb6825cf09/resourceGroups/Yoobee_Cloud_RG/providers/Microsoft.Storage/storageAccounts/yoobeecloudstorage/blobServices/default",
            "resourceType": "Microsoft.Storage/storageAccounts/blobServices",
            "resourceName": "yoobeecloudstorage/default"
          }
        ],
        "id": "/subscriptions/aa1accac-96da-4e34-a934-75bb6825cf09/resourceGroups/Yoobee_Cloud_RG/providers/Microsoft.Storage/storageAccounts/yoobeecloudstorage/fileservices/default",
        "resourceType": "Microsoft.Storage/storageAccounts/fileservices",
        "resourceName": "yoobeecloudstorage/default"
      }
    ],
    "outputs": {},
    "outputResources": [
      {
        "id": "/subscriptions/aa1accac-96da-4e34-a934-75bb6825cf09/resourceGroups/Yoobee_Cloud_RG/providers/Microsoft.Storage/storageAccounts/yoobeecloudstorage"
      },
      {
        "id": "/subscriptions/aa1accac-96da-4e34-a934-75bb6825cf09/resourceGroups/Yoobee_Cloud_RG/providers/Microsoft.Storage/storageAccounts/yoobeecloudstorage/blobServices/default"
      },
      {
        "id": "/subscriptions/aa1accac-96da-4e34-a934-75bb6825cf09/resourceGroups/Yoobee_Cloud_RG/providers/Microsoft.Storage/storageAccounts/yoobeecloudstorage/fileservices/default"
      }
    ],
    "validationLevel": "Template"
  }
}