[
  {
    "id": "/subscriptions/aa1accac-96da-4e34-a934-75bb6825cf09/resourceGroups/Yoobee_Cloud_RG/providers/Microsoft.Resources/deployments/yoobeecloudstorage_1746407836083/operations/87B8863C40464956",
    "operationId": "87B8863C40464956",
    "properties": {
      "provisioningOperation": "Create",
      "provisioningState": "Succeeded",
      "timestamp": "2025-05-05T01:17:27.5309331Z",
      "duration": "PT30.9296895S",
      "trackingId": "9c5ee24e-8048-40d2-b2be-67668aa070a9",
      "statusCode": "OK",
      "targetResource": {
        "id": "/subscriptions/aa1accac-96da-4e34-a934-75bb6825cf09/resourceGroups/Yoobee_Cloud_RG/providers/Microsoft.Storage/storageAccounts/yoobeecloudstorage/fileservices/default",
        "resourceType": "Microsoft.Storage/storageAccounts/fileservices",
        "resourceName": "yoobeecloudstorage/default"
      }
    }
  },
  {
    "id": "/subscriptions/aa1accac-96da-4e34-a934-75bb6825cf09/resourceGroups/Yoobee_Cloud_RG/providers/Microsoft.Resources/deployments/yoobeecloudstorage_1746407836083/operations/355BD5D95FFF3C37",
    "operationId": "355BD5D95FFF3C37",
    "properties": {
      "provisioningOperation": "Create",
      "provisioningState": "Succeeded",
      "timestamp": "2025-05-05T01:17:27.5309331Z",
      "duration": "PT30.7421933S",
      "trackingId": "0cdf85af-0bd1-4eea-8ac0-0075e146c9c1",
      "statusCode": "OK",
      "targetResource": {
        "id": "/subscriptions/aa1accac-96da-4e34-a934-75bb6825cf09/resourceGroups/Yoobee_Cloud_RG/providers/Microsoft.Storage/storageAccounts/yoobeecloudstorage/blobServices/default",
        "resourceType": "Microsoft.Storage/storageAccounts/blobServices",
        "resourceName": "yoobeecloudstorage/default"
      }
    }
  },
  {
    "id": "/subscriptions/aa1accac-96da-4e34-a934-75bb6825cf09/resourceGroups/Yoobee_Cloud_RG/providers/Microsoft.Resources/deployments/yoobeecloudstorage_1746407836083/operations/DF81CC29E09610C5",
    "operationId": "DF81CC29E09610C5",
    "properties": {
      "provisioningOperation": "Create",
      "provisioningState": "Succeeded",
      "timestamp": "2025-05-05T01:17:27.5309331Z",
      "duration": "PT29.4608838S",
      "trackingId": "18a044d0-3eaa-4e22-ab3a-312966bfe38c",
      "statusCode": "OK",
      "targetResource": {
        "id": "/subscriptions/aa1accac-96da-4e34-a934-75bb6825cf09/resourceGroups/Yoobee_Cloud_RG/providers/Microsoft.Storage/storageAccounts/yoobeecloudstorage",
        "resourceType": "Microsoft.Storage/storageAccounts",
        "resourceName": "yoobeecloudstorage"
      }
    }
  },
  {
    "id": "/subscriptions/aa1accac-96da-4e34-a934-75bb6825cf09/resourceGroups/Yoobee_Cloud_RG/providers/Microsoft.Resources/deployments/yoobeecloudstorage_1746407836083/operations/08584551990399604849",
    "operationId": "08584551990399604849",
    "properties": {
      "provisioningOperation": "EvaluateDeploymentOutput",
      "provisioningState": "Succeeded",
      "timestamp": "2025-05-05T01:17:27.5309331Z",
      "duration": "PT31.0390149S",
      "trackingId": "02394f30-c111-4d9a-98aa-cf81b2e2d997",
      "statusCode": "OK"
    }
  }
]